combination_id,list_of_advanced_third_placed_teams,1A,1B,1D,1E,1G,1I,1K,1L
C001,"['E', 'F', 'G', 'H', 'I', 'J', 'K', 'L']",3E,3J,3I,3F,3H,3G,3L,3K
C002,"['D', 'F', 'G', 'H', 'I', 'J', 'K', 'L']",3H,3G,3I,3D,3J,3F,3L,3K
C003,"['D', 'E', 'G', 'H', 'I', 'J', 'K', 'L']",3E,3J,3I,3D,3H,3G,3L,3K
C004,"['D', 'E', 'F', 'H', 'I', 'J', 'K', 'L']",3E,3J,3I,3D,3H,3F,3L,3K
C005,"['D', 'E', 'F', 'G', 'I', 'J', 'K', 'L']",3E,3G,3I,3D,3J,3F,3L,3K
C006,"['D', 'E', 'F', 'G', 'H', 'J', 'K', 'L']",3E,3G,3J,3D,3H,3F,3L,3K
C007,"['D', 'E', 'F', 'G', 'H', 'I', 'K', 'L']",3E,3G,3I,3D,3H,3F,3L,3K
C008,"['D', 'E', 'F', 'G', 'H', 'I', 'J', 'L']",3E,3G,3J,3D,3H,3F,3L,3I
C009,"['D', 'E', 'F', 'G', 'H', 'I', 'J', 'K']",3E,3G,3J,3D,3H,3F,3I,3K
C010,"['C', 'F', 'G', 'H', 'I', 'J', 'K', 'L']",3H,3G,3I,3C,3J,3F,3L,3K
C011,"['C', 'E', 'G', 'H', 'I', 'J', 'K', 'L']",3E,3J,3I,3C,3H,3G,3L,3K
C012,"['C', 'E', 'F', 'H', 'I', 'J', 'K', 'L']",3E,3J,3I,3C,3H,3F,3L,3K
C013,"['C', 'E', 'F', 'G', 'I', 'J', 'K', 'L']",3E,3G,3I,3C,3J,3F,3L,3K
C014,"['C', 'E', 'F', 'G', 'H', 'J', 'K', 'L']",3E,3G,3J,3C,3H,3F,3L,3K
C015,"['C', 'E', 'F', 'G', 'H', 'I', 'K', 'L']",3E,3G,3I,3C,3H,3F,3L,3K
C016,"['C', 'E', 'F', 'G', 'H', 'I', 'J', 'L']",3E,3G,3J,3C,3H,3F,3L,3I
C017,"['C', 'E', 'F', 'G', 'H', 'I', 'J', 'K']",3E,3G,3J,3C,3H,3F,3I,3K
C018,"['C', 'D', 'G', 'H', 'I', 'J', 'K', 'L']",3H,3G,3I,3C,3J,3D,3L,3K
C019,"['C', 'D', 'F', 'H', 'I', 'J', 'K', 'L']",3C,3J,3I,3D,3H,3F,3L,3K
C020,"['C', 'D', 'F', 'G', 'I', 'J', 'K', 'L']",3C,3G,3I,3D,3J,3F,3L,3K
C021,"['C', 'D', 'F', 'G', 'H', 'J', 'K', 'L']",3C,3G,3J,3D,3H,3F,3L,3K
C022,"['C', 'D', 'F', 'G', 'H', 'I', 'K', 'L']",3C,3G,3I,3D,3H,3F,3L,3K
C023,"['C', 'D', 'F', 'G', 'H', 'I', 'J', 'L']",3C,3G,3J,3D,3H,3F,3L,3I
C024,"['C', 'D', 'F', 'G', 'H', 'I', 'J', 'K']",3C,3G,3J,3D,3H,3F,3I,3K
C025,"['C', 'D', 'E', 'H', 'I', 'J', 'K', 'L']",3E,3J,3I,3C,3H,3D,3L,3K
C026,"['C', 'D', 'E', 'G', 'I', 'J', 'K', 'L']",3E,3G,3I,3C,3J,3D,3L,3K
C027,"['C', 'D', 'E', 'G', 'H', 'J', 'K', 'L']",3E,3G,3J,3C,3H,3D,3L,3K
C028,"['C', 'D', 'E', 'G', 'H', 'I', 'K', 'L']",3E,3G,3I,3C,3H,3D,3L,3K
C029,"['C', 'D', 'E', 'G', 'H', 'I', 'J', 'L']",3E,3G,3J,3C,3H,3D,3L,3I
C030,"['C', 'D', 'E', 'G', 'H', 'I', 'J', 'K']",3E,3G,3J,3C,3H,3D,3I,3K
C031,"['C', 'D', 'E', 'F', 'I', 'J', 'K', 'L']",3C,3J,3E,3D,3I,3F,3L,3K
C032,"['C', 'D', 'E', 'F', 'H', 'J', 'K', 'L']",3C,3J,3E,3D,3H,3F,3L,3K
C033,"['C', 'D', 'E', 'F', 'H', 'I', 'K', 'L']",3C,3E,3I,3D,3H,3F,3L,3K
C034,"['C', 'D', 'E', 'F', 'H', 'I', 'J', 'L']",3C,3J,3E,3D,3H,3F,3L,3I
C035,"['C', 'D', 'E', 'F', 'H', 'I', 'J', 'K']",3C,3J,3E,3D,3H,3F,3I,3K
C036,"['C', 'D', 'E', 'F', 'G', 'J', 'K', 'L']",3C,3G,3E,3D,3J,3F,3L,3K
C037,"['C', 'D', 'E', 'F', 'G', 'I', 'K', 'L']",3C,3G,3E,3D,3I,3F,3L,3K
C038,"['C', 'D', 'E', 'F', 'G', 'I', 'J', 'L']",3C,3G,3E,3D,3J,3F,3L,3I
C039,"['C', 'D', 'E', 'F', 'G', 'I', 'J', 'K']",3C,3G,3E,3D,3J,3F,3I,3K
C040,"['C', 'D', 'E', 'F', 'G', 'H', 'K', 'L']",3C,3G,3E,3D,3H,3F,3L,3K
C041,"['C', 'D', 'E', 'F', 'G', 'H', 'J', 'L']",3C,3G,3J,3D,3H,3F,3L,3E
C042,"['C', 'D', 'E', 'F', 'G', 'H', 'J', 'K']",3C,3G,3J,3D,3H,3F,3E,3K
C043,"['C', 'D', 'E', 'F', 'G', 'H', 'I', 'L']",3C,3G,3E,3D,3H,3F,3L,3I
C044,"['C', 'D', 'E', 'F', 'G', 'H', 'I', 'K']",3C,3G,3E,3D,3H,3F,3I,3K
C045,"['C', 'D', 'E', 'F', 'G', 'H', 'I', 'J']",3C,3G,3J,3D,3H,3F,3E,3I
C046,"['B', 'F', 'G', 'H', 'I', 'J', 'K', 'L']",3H,3J,3B,3F,3I,3G,3L,3K
C047,"['B', 'E', 'G', 'H', 'I', 'J', 'K', 'L']",3E,3J,3I,3B,3H,3G,3L,3K
C048,"['B', 'E', 'F', 'H', 'I', 'J', 'K', 'L']",3E,3J,3B,3F,3I,3H,3L,3K
C049,"['B', 'E', 'F', 'G', 'I', 'J', 'K', 'L']",3E,3J,3B,3F,3I,3G,3L,3K
C050,"['B', 'E', 'F', 'G', 'H', 'J', 'K', 'L']",3E,3J,3B,3F,3H,3G,3L,3K
C051,"['B', 'E', 'F', 'G', 'H', 'I', 'K', 'L']",3E,3G,3B,3F,3I,3H,3L,3K
C052,"['B', 'E', 'F', 'G', 'H', 'I', 'J', 'L']",3E,3J,3B,3F,3H,3G,3L,3I
C053,"['B', 'E', 'F', 'G', 'H', 'I', 'J', 'K']",3E,3J,3B,3F,3H,3G,3I,3K
C054,"['B', 'D', 'G', 'H', 'I', 'J', 'K', 'L']",3H,3J,3B,3D,3I,3G,3L,3K
C055,"['B', 'D', 'F', 'H', 'I', 'J', 'K', 'L']",3H,3J,3B,3D,3I,3F,3L,3K
C056,"['B', 'D', 'F', 'G', 'I', 'J', 'K', 'L']",3I,3G,3B,3D,3J,3F,3L,3K
C057,"['B', 'D', 'F', 'G', 'H', 'J', 'K', 'L']",3H,3G,3B,3D,3J,3F,3L,3K
C058,"['B', 'D', 'F', 'G', 'H', 'I', 'K', 'L']",3H,3G,3B,3D,3I,3F,3L,3K
C059,"['B', 'D', 'F', 'G', 'H', 'I', 'J', 'L']",3H,3G,3B,3D,3J,3F,3L,3I
C060,"['B', 'D', 'F', 'G', 'H', 'I', 'J', 'K']",3H,3G,3B,3D,3J,3F,3I,3K
C061,"['B', 'D', 'E', 'H', 'I', 'J', 'K', 'L']",3E,3J,3B,3D,3I,3H,3L,3K
C062,"['B', 'D', 'E', 'G', 'I', 'J', 'K', 'L']",3E,3J,3B,3D,3I,3G,3L,3K
C063,"['B', 'D', 'E', 'G', 'H', 'J', 'K', 'L']",3E,3J,3B,3D,3H,3G,3L,3K
C064,"['B', 'D', 'E', 'G', 'H', 'I', 'K', 'L']",3E,3G,3B,3D,3I,3H,3L,3K
C065,"['B', 'D', 'E', 'G', 'H', 'I', 'J', 'L']",3E,3J,3B,3D,3H,3G,3L,3I
C066,"['B', 'D', 'E', 'G', 'H', 'I', 'J', 'K']",3E,3J,3B,3D,3H,3G,3I,3K
C067,"['B', 'D', 'E', 'F', 'I', 'J', 'K', 'L']",3E,3J,3B,3D,3I,3F,3L,3K
C068,"['B', 'D', 'E', 'F', 'H', 'J', 'K', 'L']",3E,3J,3B,3D,3H,3F,3L,3K
C069,"['B', 'D', 'E', 'F', 'H', 'I', 'K', 'L']",3E,3I,3B,3D,3H,3F,3L,3K
C070,"['B', 'D', 'E', 'F', 'H', 'I', 'J', 'L']",3E,3J,3B,3D,3H,3F,3L,3I
C071,"['B', 'D', 'E', 'F', 'H', 'I', 'J', 'K']",3E,3J,3B,3D,3H,3F,3I,3K
C072,"['B', 'D', 'E', 'F', 'G', 'J', 'K', 'L']",3E,3G,3B,3D,3J,3F,3L,3K
C073,"['B', 'D', 'E', 'F', 'G', 'I', 'K', 'L']",3E,3G,3B,3D,3I,3F,3L,3K
C074,"['B', 'D', 'E', 'F', 'G', 'I', 'J', 'L']",3E,3G,3B,3D,3J,3F,3L,3I
C075,"['B', 'D', 'E', 'F', 'G', 'I', 'J', 'K']",3E,3G,3B,3D,3J,3F,3I,3K
C076,"['B', 'D', 'E', 'F', 'G', 'H', 'K', 'L']",3E,3G,3B,3D,3H,3F,3L,3K
C077,"['B', 'D', 'E', 'F', 'G', 'H', 'J', 'L']",3H,3G,3B,3D,3J,3F,3L,3E
C078,"['B', 'D', 'E', 'F', 'G', 'H', 'J', 'K']",3H,3G,3B,3D,3J,3F,3E,3K
C079,"['B', 'D', 'E', 'F', 'G', 'H', 'I', 'L']",3E,3G,3B,3D,3H,3F,3L,3I
C080,"['B', 'D', 'E', 'F', 'G', 'H', 'I', 'K']",3E,3G,3B,3D,3H,3F,3I,3K
C081,"['B', 'D', 'E', 'F', 'G', 'H', 'I', 'J']",3H,3G,3B,3D,3J,3F,3E,3I
C082,"['B', 'C', 'G', 'H', 'I', 'J', 'K', 'L']",3H,3J,3B,3C,3I,3G,3L,3K
C083,"['B', 'C', 'F', 'H', 'I', 'J', 'K', 'L']",3H,3J,3B,3C,3I,3F,3L,3K
C084,"['B', 'C', 'F', 'G', 'I', 'J', 'K', 'L']",3I,3G,3B,3C,3J,3F,3L,3K
C085,"['B', 'C', 'F', 'G', 'H', 'J', 'K', 'L']",3H,3G,3B,3C,3J,3F,3L,3K
C086,"['B', 'C', 'F', 'G', 'H', 'I', 'K', 'L']",3H,3G,3B,3C,3I,3F,3L,3K
C087,"['B', 'C', 'F', 'G', 'H', 'I', 'J', 'L']",3H,3G,3B,3C,3J,3F,3L,3I
C088,"['B', 'C', 'F', 'G', 'H', 'I', 'J', 'K']",3H,3G,3B,3C,3J,3F,3I,3K
C089,"['B', 'C', 'E', 'H', 'I', 'J', 'K', 'L']",3E,3J,3B,3C,3I,3H,3L,3K
C090,"['B', 'C', 'E', 'G', 'I', 'J', 'K', 'L']",3E,3J,3B,3C,3I,3G,3L,3K
C091,"['B', 'C', 'E', 'G', 'H', 'J', 'K', 'L']",3E,3J,3B,3C,3H,3G,3L,3K
C092,"['B', 'C', 'E', 'G', 'H', 'I', 'K', 'L']",3E,3G,3B,3C,3I,3H,3L,3K
C093,"['B', 'C', 'E', 'G', 'H', 'I', 'J', 'L']",3E,3J,3B,3C,3H,3G,3L,3I
C094,"['B', 'C', 'E', 'G', 'H', 'I', 'J', 'K']",3E,3J,3B,3C,3H,3G,3I,3K
C095,"['B', 'C', 'E', 'F', 'I', 'J', 'K', 'L']",3E,3J,3B,3C,3I,3F,3L,3K
C096,"['B', 'C', 'E', 'F', 'H', 'J', 'K', 'L']",3E,3J,3B,3C,3H,3F,3L,3K
C097,"['B', 'C', 'E', 'F', 'H', 'I', 'K', 'L']",3E,3I,3B,3C,3H,3F,3L,3K
C098,"['B', 'C', 'E', 'F', 'H', 'I', 'J', 'L']",3E,3J,3B,3C,3H,3F,3L,3I
C099,"['B', 'C', 'E', 'F', 'H', 'I', 'J', 'K']",3E,3J,3B,3C,3H,3F,3I,3K
C100,"['B', 'C', 'E', 'F', 'G', 'J', 'K', 'L']",3E,3G,3B,3C,3J,3F,3L,3K
C101,"['B', 'C', 'E', 'F', 'G', 'I', 'K', 'L']",3E,3G,3B,3C,3I,3F,3L,3K
C102,"['B', 'C', 'E', 'F', 'G', 'I', 'J', 'L']",3E,3G,3B,3C,3J,3F,3L,3I
C103,"['B', 'C', 'E', 'F', 'G', 'I', 'J', 'K']",3E,3G,3B,3C,3J,3F,3I,3K
C104,"['B', 'C', 'E', 'F', 'G', 'H', 'K', 'L']",3E,3G,3B,3C,3H,3F,3L,3K
C105,"['B', 'C', 'E', 'F', 'G', 'H', 'J', 'L']",3H,3G,3B,3C,3J,3F,3L,3E
C106,"['B', 'C', 'E', 'F', 'G', 'H', 'J', 'K']",3H,3G,3B,3C,3J,3F,3E,3K
C107,"['B', 'C', 'E', 'F', 'G', 'H', 'I', 'L']",3E,3G,3B,3C,3H,3F,3L,3I
C108,"['B', 'C', 'E', 'F', 'G', 'H', 'I', 'K']",3E,3G,3B,3C,3H,3F,3I,3K
C109,"['B', 'C', 'E', 'F', 'G', 'H', 'I', 'J']",3H,3G,3B,3C,3J,3F,3E,3I
C110,"['B', 'C', 'D', 'H', 'I', 'J', 'K', 'L']",3H,3J,3B,3C,3I,3D,3L,3K
C111,"['B', 'C', 'D', 'G', 'I', 'J', 'K', 'L']",3I,3G,3B,3C,3J,3D,3L,3K
C112,"['B', 'C', 'D', 'G', 'H', 'J', 'K', 'L']",3H,3G,3B,3C,3J,3D,3L,3K
C113,"['B', 'C', 'D', 'G', 'H', 'I', 'K', 'L']",3H,3G,3B,3C,3I,3D,3L,3K
C114,"['B', 'C', 'D', 'G', 'H', 'I', 'J', 'L']",3H,3G,3B,3C,3J,3D,3L,3I
C115,"['B', 'C', 'D', 'G', 'H', 'I', 'J', 'K']",3H,3G,3B,3C,3J,3D,3I,3K
C116,"['B', 'C', 'D', 'F', 'I', 'J', 'K', 'L']",3C,3J,3B,3D,3I,3F,3L,3K
C117,"['B', 'C', 'D', 'F', 'H', 'J', 'K', 'L']",3C,3J,3B,3D,3H,3F,3L,3K
C118,"['B', 'C', 'D', 'F', 'H', 'I', 'K', 'L']",3C,3I,3B,3D,3H,3F,3L,3K
C119,"['B', 'C', 'D', 'F', 'H', 'I', 'J', 'L']",3C,3J,3B,3D,3H,3F,3L,3I
C120,"['B', 'C', 'D', 'F', 'H', 'I', 'J', 'K']",3C,3J,3B,3D,3H,3F,3I,3K
C121,"['B', 'C', 'D', 'F', 'G', 'J', 'K', 'L']",3C,3G,3B,3D,3J,3F,3L,3K
C122,"['B', 'C', 'D', 'F', 'G', 'I', 'K', 'L']",3C,3G,3B,3D,3I,3F,3L,3K
C123,"['B', 'C', 'D', 'F', 'G', 'I', 'J', 'L']",3C,3G,3B,3D,3J,3F,3L,3I
C124,"['B', 'C', 'D', 'F', 'G', 'I', 'J', 'K']",3C,3G,3B,3D,3J,3F,3I,3K
C125,"['B', 'C', 'D', 'F', 'G', 'H', 'K', 'L']",3C,3G,3B,3D,3H,3F,3L,3K
C126,"['B', 'C', 'D', 'F', 'G', 'H', 'J', 'L']",3C,3G,3B,3D,3H,3F,3L,3J
C127,"['B', 'C', 'D', 'F', 'G', 'H', 'J', 'K']",3H,3G,3B,3C,3J,3F,3D,3K
C128,"['B', 'C', 'D', 'F', 'G', 'H', 'I', 'L']",3C,3G,3B,3D,3H,3F,3L,3I
C129,"['B', 'C', 'D', 'F', 'G', 'H', 'I', 'K']",3C,3G,3B,3D,3H,3F,3I,3K
C130,"['B', 'C', 'D', 'F', 'G', 'H', 'I', 'J']",3H,3G,3B,3C,3J,3F,3D,3I
C131,"['B', 'C', 'D', 'E', 'I', 'J', 'K', 'L']",3E,3J,3B,3C,3I,3D,3L,3K
C132,"['B', 'C', 'D', 'E', 'H', 'J', 'K', 'L']",3E,3J,3B,3C,3H,3D,3L,3K
C133,"['B', 'C', 'D', 'E', 'H', 'I', 'K', 'L']",3E,3I,3B,3C,3H,3D,3L,3K
C134,"['B', 'C', 'D', 'E', 'H', 'I', 'J', 'L']",3E,3J,3B,3C,3H,3D,3L,3I
C135,"['B', 'C', 'D', 'E', 'H', 'I', 'J', 'K']",3E,3J,3B,3C,3H,3D,3I,3K
C136,"['B', 'C', 'D', 'E', 'G', 'J', 'K', 'L']",3E,3G,3B,3C,3J,3D,3L,3K
C137,"['B', 'C', 'D', 'E', 'G', 'I', 'K', 'L']",3E,3G,3B,3C,3I,3D,3L,3K
C138,"['B', 'C', 'D', 'E', 'G', 'I', 'J', 'L']",3E,3G,3B,3C,3J,3D,3L,3I
C139,"['B', 'C', 'D', 'E', 'G', 'I', 'J', 'K']",3E,3G,3B,3C,3J,3D,3I,3K
C140,"['B', 'C', 'D', 'E', 'G', 'H', 'K', 'L']",3E,3G,3B,3C,3H,3D,3L,3K
C141,"['B', 'C', 'D', 'E', 'G', 'H', 'J', 'L']",3H,3G,3B,3C,3J,3D,3L,3E
C142,"['B', 'C', 'D', 'E', 'G', 'H', 'J', 'K']",3H,3G,3B,3C,3J,3D,3E,3K
C143,"['B', 'C', 'D', 'E', 'G', 'H', 'I', 'L']",3E,3G,3B,3C,3H,3D,3L,3I
C144,"['B', 'C', 'D', 'E', 'G', 'H', 'I', 'K']",3E,3G,3B,3C,3H,3D,3I,3K
C145,"['B', 'C', 'D', 'E', 'G', 'H', 'I', 'J']",3H,3G,3B,3C,3J,3D,3E,3I
C146,"['B', 'C', 'D', 'E', 'F', 'J', 'K', 'L']",3C,3J,3B,3D,3E,3F,3L,3K
C147,"['B', 'C', 'D', 'E', 'F', 'I', 'K', 'L']",3C,3E,3B,3D,3I,3F,3L,3K
C148,"['B', 'C', 'D', 'E', 'F', 'I', 'J', 'L']",3C,3J,3B,3D,3E,3F,3L,3I
C149,"['B', 'C', 'D', 'E', 'F', 'I', 'J', 'K']",3C,3J,3B,3D,3E,3F,3I,3K
C150,"['B', 'C', 'D', 'E', 'F', 'H', 'K', 'L']",3C,3E,3B,3D,3H,3F,3L,3K
C151,"['B', 'C', 'D', 'E', 'F', 'H', 'J', 'L']",3C,3J,3B,3D,3H,3F,3L,3E
C152,"['B', 'C', 'D', 'E', 'F', 'H', 'J', 'K']",3C,3J,3B,3D,3H,3F,3E,3K
C153,"['B', 'C', 'D', 'E', 'F', 'H', 'I', 'L']",3C,3E,3B,3D,3H,3F,3L,3I
C154,"['B', 'C', 'D', 'E', 'F', 'H', 'I', 'K']",3C,3E,3B,3D,3H,3F,3I,3K
C155,"['B', 'C', 'D', 'E', 'F', 'H', 'I', 'J']",3C,3J,3B,3D,3H,3F,3E,3I
C156,"['B', 'C', 'D', 'E', 'F', 'G', 'K', 'L']",3C,3G,3B,3D,3E,3F,3L,3K
C157,"['B', 'C', 'D', 'E', 'F', 'G', 'J', 'L']",3C,3G,3B,3D,3J,3F,3L,3E
C158,"['B', 'C', 'D', 'E', 'F', 'G', 'J', 'K']",3C,3G,3B,3D,3J,3F,3E,3K
C159,"['B', 'C', 'D', 'E', 'F', 'G', 'I', 'L']",3C,3G,3B,3D,3E,3F,3L,3I
C160,"['B', 'C', 'D', 'E', 'F', 'G', 'I', 'K']",3C,3G,3B,3D,3E,3F,3I,3K
C161,"['B', 'C', 'D', 'E', 'F', 'G', 'I', 'J']",3C,3G,3B,3D,3J,3F,3E,3I
C162,"['B', 'C', 'D', 'E', 'F', 'G', 'H', 'L']",3C,3G,3B,3D,3H,3F,3L,3E
C163,"['B', 'C', 'D', 'E', 'F', 'G', 'H', 'K']",3C,3G,3B,3D,3H,3F,3E,3K
C164,"['B', 'C', 'D', 'E', 'F', 'G', 'H', 'J']",3H,3G,3B,3C,3J,3F,3D,3E
C165,"['B', 'C', 'D', 'E', 'F', 'G', 'H', 'I']",3C,3G,3B,3D,3H,3F,3E,3I
C166,"['A', 'F', 'G', 'H', 'I', 'J', 'K', 'L']",3H,3J,3I,3F,3A,3G,3L,3K
C167,"['A', 'E', 'G', 'H', 'I', 'J', 'K', 'L']",3E,3J,3I,3A,3H,3G,3L,3K
C168,"['A', 'E', 'F', 'H', 'I', 'J', 'K', 'L']",3E,3J,3I,3F,3A,3H,3L,3K
C169,"['A', 'E', 'F', 'G', 'I', 'J', 'K', 'L']",3E,3J,3I,3F,3A,3G,3L,3K
C170,"['A', 'E', 'F', 'G', 'H', 'J', 'K', 'L']",3E,3G,3J,3F,3A,3H,3L,3K
C171,"['A', 'E', 'F', 'G', 'H', 'I', 'K', 'L']",3E,3G,3I,3F,3A,3H,3L,3K
C172,"['A', 'E', 'F', 'G', 'H', 'I', 'J', 'L']",3E,3G,3J,3F,3A,3H,3L,3I
C173,"['A', 'E', 'F', 'G', 'H', 'I', 'J', 'K']",3E,3G,3J,3F,3A,3H,3I,3K
C174,"['A', 'D', 'G', 'H', 'I', 'J', 'K', 'L']",3H,3J,3I,3D,3A,3G,3L,3K
C175,"['A', 'D', 'F', 'H', 'I', 'J', 'K', 'L']",3H,3J,3I,3D,3A,3F,3L,3K
C176,"['A', 'D', 'F', 'G', 'I', 'J', 'K', 'L']",3I,3G,3J,3D,3A,3F,3L,3K
C177,"['A', 'D', 'F', 'G', 'H', 'J', 'K', 'L']",3H,3G,3J,3D,3A,3F,3L,3K
C178,"['A', 'D', 'F', 'G', 'H', 'I', 'K', 'L']",3H,3G,3I,3D,3A,3F,3L,3K
C179,"['A', 'D', 'F', 'G', 'H', 'I', 'J', 'L']",3H,3G,3J,3D,3A,3F,3L,3I
C180,"['A', 'D', 'F', 'G', 'H', 'I', 'J', 'K']",3H,3G,3J,3D,3A,3F,3I,3K
C181,"['A', 'D', 'E', 'H', 'I', 'J', 'K', 'L']",3E,3J,3I,3D,3A,3H,3L,3K
C182,"['A', 'D', 'E', 'G', 'I', 'J', 'K', 'L']",3E,3J,3I,3D,3A,3G,3L,3K
C183,"['A', 'D', 'E', 'G', 'H', 'J', 'K', 'L']",3E,3G,3J,3D,3A,3H,3L,3K
C184,"['A', 'D', 'E', 'G', 'H', 'I', 'K', 'L']",3E,3G,3I,3D,3A,3H,3L,3K
C185,"['A', 'D', 'E', 'G', 'H', 'I', 'J', 'L']",3E,3G,3J,3D,3A,3H,3L,3I
C186,"['A', 'D', 'E', 'G', 'H', 'I', 'J', 'K']",3E,3G,3J,3D,3A,3H,3I,3K
C187,"['A', 'D', 'E', 'F', 'I', 'J', 'K', 'L']",3E,3J,3I,3D,3A,3F,3L,3K
C188,"['A', 'D', 'E', 'F', 'H', 'J', 'K', 'L']",3H,3J,3E,3D,3A,3F,3L,3K
C189,"['A', 'D', 'E', 'F', 'H', 'I', 'K', 'L']",3H,3E,3I,3D,3A,3F,3L,3K
C190,"['A', 'D', 'E', 'F', 'H', 'I', 'J', 'L']",3H,3J,3E,3D,3A,3F,3L,3I
C191,"['A', 'D', 'E', 'F', 'H', 'I', 'J', 'K']",3H,3J,3E,3D,3A,3F,3I,3K
C192,"['A', 'D', 'E', 'F', 'G', 'J', 'K', 'L']",3E,3G,3J,3D,3A,3F,3L,3K
C193,"['A', 'D', 'E', 'F', 'G', 'I', 'K', 'L']",3E,3G,3I,3D,3A,3F,3L,3K
C194,"['A', 'D', 'E', 'F', 'G', 'I', 'J', 'L']",3E,3G,3J,3D,3A,3F,3L,3I
C195,"['A', 'D', 'E', 'F', 'G', 'I', 'J', 'K']",3E,3G,3J,3D,3A,3F,3I,3K
C196,"['A', 'D', 'E', 'F', 'G', 'H', 'K', 'L']",3H,3G,3E,3D,3A,3F,3L,3K
C197,"['A', 'D', 'E', 'F', 'G', 'H', 'J', 'L']",3H,3G,3J,3D,3A,3F,3L,3E
C198,"['A', 'D', 'E', 'F', 'G', 'H', 'J', 'K']",3H,3G,3J,3D,3A,3F,3E,3K
C199,"['A', 'D', 'E', 'F', 'G', 'H', 'I', 'L']",3H,3G,3E,3D,3A,3F,3L,3I
C200,"['A', 'D', 'E', 'F', 'G', 'H', 'I', 'K']",3H,3G,3E,3D,3A,3F,3I,3K
C201,"['A', 'D', 'E', 'F', 'G', 'H', 'I', 'J']",3H,3G,3J,3D,3A,3F,3E,3I
C202,"['A', 'C', 'G', 'H', 'I', 'J', 'K', 'L']",3H,3J,3I,3C,3A,3G,3L,3K
C203,"['A', 'C', 'F', 'H', 'I', 'J', 'K', 'L']",3H,3J,3I,3C,3A,3F,3L,3K
C204,"['A', 'C', 'F', 'G', 'I', 'J', 'K', 'L']",3I,3G,3J,3C,3A,3F,3L,3K
C205,"['A', 'C', 'F', 'G', 'H', 'J', 'K', 'L']",3H,3G,3J,3C,3A,3F,3L,3K
C206,"['A', 'C', 'F', 'G', 'H', 'I', 'K', 'L']",3H,3G,3I,3C,3A,3F,3L,3K
C207,"['A', 'C', 'F', 'G', 'H', 'I', 'J', 'L']",3H,3G,3J,3C,3A,3F,3L,3I
C208,"['A', 'C', 'F', 'G', 'H', 'I', 'J', 'K']",3H,3G,3J,3C,3A,3F,3I,3K
C209,"['A', 'C', 'E', 'H', 'I', 'J', 'K', 'L']",3E,3J,3I,3C,3A,3H,3L,3K
C210,"['A', 'C', 'E', 'G', 'I', 'J', 'K', 'L']",3E,3J,3I,3C,3A,3G,3L,3K
C211,"['A', 'C', 'E', 'G', 'H', 'J', 'K', 'L']",3E,3G,3J,3C,3A,3H,3L,3K
C212,"['A', 'C', 'E', 'G', 'H', 'I', 'K', 'L']",3E,3G,3I,3C,3A,3H,3L,3K
C213,"['A', 'C', 'E', 'G', 'H', 'I', 'J', 'L']",3E,3G,3J,3C,3A,3H,3L,3I
C214,"['A', 'C', 'E', 'G', 'H', 'I', 'J', 'K']",3E,3G,3J,3C,3A,3H,3I,3K
C215,"['A', 'C', 'E', 'F', 'I', 'J', 'K', 'L']",3E,3J,3I,3C,3A,3F,3L,3K
C216,"['A', 'C', 'E', 'F', 'H', 'J', 'K', 'L']",3H,3J,3E,3C,3A,3F,3L,3K
C217,"['A', 'C', 'E', 'F', 'H', 'I', 'K', 'L']",3H,3E,3I,3C,3A,3F,3L,3K
C218,"['A', 'C', 'E', 'F', 'H', 'I', 'J', 'L']",3H,3J,3E,3C,3A,3F,3L,3I
C219,"['A', 'C', 'E', 'F', 'H', 'I', 'J', 'K']",3H,3J,3E,3C,3A,3F,3I,3K
C220,"['A', 'C', 'E', 'F', 'G', 'J', 'K', 'L']",3E,3G,3J,3C,3A,3F,3L,3K
C221,"['A', 'C', 'E', 'F', 'G', 'I', 'K', 'L']",3E,3G,3I,3C,3A,3F,3L,3K
C222,"['A', 'C', 'E', 'F', 'G', 'I', 'J', 'L']",3E,3G,3J,3C,3A,3F,3L,3I
C223,"['A', 'C', 'E', 'F', 'G', 'I', 'J', 'K']",3E,3G,3J,3C,3A,3F,3I,3K
C224,"['A', 'C', 'E', 'F', 'G', 'H', 'K', 'L']",3H,3G,3E,3C,3A,3F,3L,3K
C225,"['A', 'C', 'E', 'F', 'G', 'H', 'J', 'L']",3H,3G,3J,3C,3A,3F,3L,3E
C226,"['A', 'C', 'E', 'F', 'G', 'H', 'J', 'K']",3H,3G,3J,3C,3A,3F,3E,3K
C227,"['A', 'C', 'E', 'F', 'G', 'H', 'I', 'L']",3H,3G,3E,3C,3A,3F,3L,3I
C228,"['A', 'C', 'E', 'F', 'G', 'H', 'I', 'K']",3H,3G,3E,3C,3A,3F,3I,3K
C229,"['A', 'C', 'E', 'F', 'G', 'H', 'I', 'J']",3H,3G,3J,3C,3A,3F,3E,3I
C230,"['A', 'C', 'D', 'H', 'I', 'J', 'K', 'L']",3H,3J,3I,3C,3A,3D,3L,3K
C231,"['A', 'C', 'D', 'G', 'I', 'J', 'K', 'L']",3I,3G,3J,3C,3A,3D,3L,3K
C232,"['A', 'C', 'D', 'G', 'H', 'J', 'K', 'L']",3H,3G,3J,3C,3A,3D,3L,3K
C233,"['A', 'C', 'D', 'G', 'H', 'I', 'K', 'L']",3H,3G,3I,3C,3A,3D,3L,3K
C234,"['A', 'C', 'D', 'G', 'H', 'I', 'J', 'L']",3H,3G,3J,3C,3A,3D,3L,3I
C235,"['A', 'C', 'D', 'G', 'H', 'I', 'J', 'K']",3H,3G,3J,3C,3A,3D,3I,3K
C236,"['A', 'C', 'D', 'F', 'I', 'J', 'K', 'L']",3C,3J,3I,3D,3A,3F,3L,3K
C237,"['A', 'C', 'D', 'F', 'H', 'J', 'K', 'L']",3H,3J,3F,3C,3A,3D,3L,3K
C238,"['A', 'C', 'D', 'F', 'H', 'I', 'K', 'L']",3H,3F,3I,3C,3A,3D,3L,3K
C239,"['A', 'C', 'D', 'F', 'H', 'I', 'J', 'L']",3H,3J,3F,3C,3A,3D,3L,3I
C240,"['A', 'C', 'D', 'F', 'H', 'I', 'J', 'K']",3H,3J,3F,3C,3A,3D,3I,3K
C241,"['A', 'C', 'D', 'F', 'G', 'J', 'K', 'L']",3C,3G,3J,3D,3A,3F,3L,3K
C242,"['A', 'C', 'D', 'F', 'G', 'I', 'K', 'L']",3C,3G,3I,3D,3A,3F,3L,3K
C243,"['A', 'C', 'D', 'F', 'G', 'I', 'J', 'L']",3C,3G,3J,3D,3A,3F,3L,3I
C244,"['A', 'C', 'D', 'F', 'G', 'I', 'J', 'K']",3C,3G,3J,3D,3A,3F,3I,3K
C245,"['A', 'C', 'D', 'F', 'G', 'H', 'K', 'L']",3H,3G,3F,3C,3A,3D,3L,3K
C246,"['A', 'C', 'D', 'F', 'G', 'H', 'J', 'L']",3C,3G,3J,3D,3A,3F,3L,3H
C247,"['A', 'C', 'D', 'F', 'G', 'H', 'J', 'K']",3H,3G,3J,3C,3A,3F,3D,3K
C248,"['A', 'C', 'D', 'F', 'G', 'H', 'I', 'L']",3H,3G,3F,3C,3A,3D,3L,3I
C249,"['A', 'C', 'D', 'F', 'G', 'H', 'I', 'K']",3H,3G,3F,3C,3A,3D,3I,3K
C250,"['A', 'C', 'D', 'F', 'G', 'H', 'I', 'J']",3H,3G,3J,3C,3A,3F,3D,3I
C251,"['A', 'C', 'D', 'E', 'I', 'J', 'K', 'L']",3E,3J,3I,3C,3A,3D,3L,3K
C252,"['A', 'C', 'D', 'E', 'H', 'J', 'K', 'L']",3H,3J,3E,3C,3A,3D,3L,3K
C253,"['A', 'C', 'D', 'E', 'H', 'I', 'K', 'L']",3H,3E,3I,3C,3A,3D,3L,3K
C254,"['A', 'C', 'D', 'E', 'H', 'I', 'J', 'L']",3H,3J,3E,3C,3A,3D,3L,3I
C255,"['A', 'C', 'D', 'E', 'H', 'I', 'J', 'K']",3H,3J,3E,3C,3A,3D,3I,3K
C256,"['A', 'C', 'D', 'E', 'G', 'J', 'K', 'L']",3E,3G,3J,3C,3A,3D,3L,3K
C257,"['A', 'C', 'D', 'E', 'G', 'I', 'K', 'L']",3E,3G,3I,3C,3A,3D,3L,3K
C258,"['A', 'C', 'D', 'E', 'G', 'I', 'J', 'L']",3E,3G,3J,3C,3A,3D,3L,3I
C259,"['A', 'C', 'D', 'E', 'G', 'I', 'J', 'K']",3E,3G,3J,3C,3A,3D,3I,3K
C260,"['A', 'C', 'D', 'E', 'G', 'H', 'K', 'L']",3H,3G,3E,3C,3A,3D,3L,3K
C261,"['A', 'C', 'D', 'E', 'G', 'H', 'J', 'L']",3H,3G,3J,3C,3A,3D,3L,3E
C262,"['A', 'C', 'D', 'E', 'G', 'H', 'J', 'K']",3H,3G,3J,3C,3A,3D,3E,3K
C263,"['A', 'C', 'D', 'E', 'G', 'H', 'I', 'L']",3H,3G,3E,3C,3A,3D,3L,3I
C264,"['A', 'C', 'D', 'E', 'G', 'H', 'I', 'K']",3H,3G,3E,3C,3A,3D,3I,3K
C265,"['A', 'C', 'D', 'E', 'G', 'H', 'I', 'J']",3H,3G,3J,3C,3A,3D,3E,3I
C266,"['A', 'C', 'D', 'E', 'F', 'J', 'K', 'L']",3C,3J,3E,3D,3A,3F,3L,3K
C267,"['A', 'C', 'D', 'E', 'F', 'I', 'K', 'L']",3C,3E,3I,3D,3A,3F,3L,3K
C268,"['A', 'C', 'D', 'E', 'F', 'I', 'J', 'L']",3C,3J,3E,3D,3A,3F,3L,3I
C269,"['A', 'C', 'D', 'E', 'F', 'I', 'J', 'K']",3C,3J,3E,3D,3A,3F,3I,3K
C270,"['A', 'C', 'D', 'E', 'F', 'H', 'K', 'L']",3H,3E,3F,3C,3A,3D,3L,3K
C271,"['A', 'C', 'D', 'E', 'F', 'H', 'J', 'L']",3H,3J,3F,3C,3A,3D,3L,3E
C272,"['A', 'C', 'D', 'E', 'F', 'H', 'J', 'K']",3H,3J,3E,3C,3A,3F,3D,3K
C273,"['A', 'C', 'D', 'E', 'F', 'H', 'I', 'L']",3H,3E,3F,3C,3A,3D,3L,3I
C274,"['A', 'C', 'D', 'E', 'F', 'H', 'I', 'K']",3H,3E,3F,3C,3A,3D,3I,3K
C275,"['A', 'C', 'D', 'E', 'F', 'H', 'I', 'J']",3H,3J,3E,3C,3A,3F,3D,3I
C276,"['A', 'C', 'D', 'E', 'F', 'G', 'K', 'L']",3C,3G,3E,3D,3A,3F,3L,3K
C277,"['A', 'C', 'D', 'E', 'F', 'G', 'J', 'L']",3C,3G,3J,3D,3A,3F,3L,3E
C278,"['A', 'C', 'D', 'E', 'F', 'G', 'J', 'K']",3C,3G,3J,3D,3A,3F,3E,3K
C279,"['A', 'C', 'D', 'E', 'F', 'G', 'I', 'L']",3C,3G,3E,3D,3A,3F,3L,3I
C280,"['A', 'C', 'D', 'E', 'F', 'G', 'I', 'K']",3C,3G,3E,3D,3A,3F,3I,3K
C281,"['A', 'C', 'D', 'E', 'F', 'G', 'I', 'J']",3C,3G,3J,3D,3A,3F,3E,3I
C282,"['A', 'C', 'D', 'E', 'F', 'G', 'H', 'L']",3H,3G,3F,3C,3A,3D,3L,3E
C283,"['A', 'C', 'D', 'E', 'F', 'G', 'H', 'K']",3H,3G,3E,3C,3A,3F,3D,3K
C284,"['A', 'C', 'D', 'E', 'F', 'G', 'H', 'J']",3H,3G,3J,3C,3A,3F,3D,3E
C285,"['A', 'C', 'D', 'E', 'F', 'G', 'H', 'I']",3H,3G,3E,3C,3A,3F,3D,3I
C286,"['A', 'B', 'G', 'H', 'I', 'J', 'K', 'L']",3H,3J,3B,3A,3I,3G,3L,3K
C287,"['A', 'B', 'F', 'H', 'I', 'J', 'K', 'L']",3H,3J,3B,3A,3I,3F,3L,3K
C288,"['A', 'B', 'F', 'G', 'I', 'J', 'K', 'L']",3I,3J,3B,3F,3A,3G,3L,3K
C289,"['A', 'B', 'F', 'G', 'H', 'J', 'K', 'L']",3H,3J,3B,3F,3A,3G,3L,3K
C290,"['A', 'B', 'F', 'G', 'H', 'I', 'K', 'L']",3H,3G,3B,3A,3I,3F,3L,3K
C291,"['A', 'B', 'F', 'G', 'H', 'I', 'J', 'L']",3H,3J,3B,3F,3A,3G,3L,3I
C292,"['A', 'B', 'F', 'G', 'H', 'I', 'J', 'K']",3H,3J,3B,3F,3A,3G,3I,3K
C293,"['A', 'B', 'E', 'H', 'I', 'J', 'K', 'L']",3E,3J,3B,3A,3I,3H,3L,3K
C294,"['A', 'B', 'E', 'G', 'I', 'J', 'K', 'L']",3E,3J,3B,3A,3I,3G,3L,3K
C295,"['A', 'B', 'E', 'G', 'H', 'J', 'K', 'L']",3E,3J,3B,3A,3H,3G,3L,3K
C296,"['A', 'B', 'E', 'G', 'H', 'I', 'K', 'L']",3E,3G,3B,3A,3I,3H,3L,3K
C297,"['A', 'B', 'E', 'G', 'H', 'I', 'J', 'L']",3E,3J,3B,3A,3H,3G,3L,3I
C298,"['A', 'B', 'E', 'G', 'H', 'I', 'J', 'K']",3E,3J,3B,3A,3H,3G,3I,3K
C299,"['A', 'B', 'E', 'F', 'I', 'J', 'K', 'L']",3E,3J,3B,3A,3I,3F,3L,3K
C300,"['A', 'B', 'E', 'F', 'H', 'J', 'K', 'L']",3E,3J,3B,3F,3A,3H,3L,3K
C301,"['A', 'B', 'E', 'F', 'H', 'I', 'K', 'L']",3E,3I,3B,3F,3A,3H,3L,3K
C302,"['A', 'B', 'E', 'F', 'H', 'I', 'J', 'L']",3E,3J,3B,3F,3A,3H,3L,3I
C303,"['A', 'B', 'E', 'F', 'H', 'I', 'J', 'K']",3E,3J,3B,3F,3A,3H,3I,3K
C304,"['A', 'B', 'E', 'F', 'G', 'J', 'K', 'L']",3E,3J,3B,3F,3A,3G,3L,3K
C305,"['A', 'B', 'E', 'F', 'G', 'I', 'K', 'L']",3E,3G,3B,3A,3I,3F,3L,3K
C306,"['A', 'B', 'E', 'F', 'G', 'I', 'J', 'L']",3E,3J,3B,3F,3A,3G,3L,3I
C307,"['A', 'B', 'E', 'F', 'G', 'I', 'J', 'K']",3E,3J,3B,3F,3A,3G,3I,3K
C308,"['A', 'B', 'E', 'F', 'G', 'H', 'K', 'L']",3E,3G,3B,3F,3A,3H,3L,3K
C309,"['A', 'B', 'E', 'F', 'G', 'H', 'J', 'L']",3H,3J,3B,3F,3A,3G,3L,3E
C310,"['A', 'B', 'E', 'F', 'G', 'H', 'J', 'K']",3H,3J,3B,3F,3A,3G,3E,3K
C311,"['A', 'B', 'E', 'F', 'G', 'H', 'I', 'L']",3E,3G,3B,3F,3A,3H,3L,3I
C312,"['A', 'B', 'E', 'F', 'G', 'H', 'I', 'K']",3E,3G,3B,3F,3A,3H,3I,3K
C313,"['A', 'B', 'E', 'F', 'G', 'H', 'I', 'J']",3H,3J,3B,3F,3A,3G,3E,3I
C314,"['A', 'B', 'D', 'H', 'I', 'J', 'K', 'L']",3I,3J,3B,3D,3A,3H,3L,3K
C315,"['A', 'B', 'D', 'G', 'I', 'J', 'K', 'L']",3I,3J,3B,3D,3A,3G,3L,3K
C316,"['A', 'B', 'D', 'G', 'H', 'J', 'K', 'L']",3H,3J,3B,3D,3A,3G,3L,3K
C317,"['A', 'B', 'D', 'G', 'H', 'I', 'K', 'L']",3I,3G,3B,3D,3A,3H,3L,3K
C318,"['A', 'B', 'D', 'G', 'H', 'I', 'J', 'L']",3H,3J,3B,3D,3A,3G,3L,3I
C319,"['A', 'B', 'D', 'G', 'H', 'I', 'J', 'K']",3H,3J,3B,3D,3A,3G,3I,3K
C320,"['A', 'B', 'D', 'F', 'I', 'J', 'K', 'L']",3I,3J,3B,3D,3A,3F,3L,3K
C321,"['A', 'B', 'D', 'F', 'H', 'J', 'K', 'L']",3H,3J,3B,3D,3A,3F,3L,3K
C322,"['A', 'B', 'D', 'F', 'H', 'I', 'K', 'L']",3H,3I,3B,3D,3A,3F,3L,3K
C323,"['A', 'B', 'D', 'F', 'H', 'I', 'J', 'L']",3H,3J,3B,3D,3A,3F,3L,3I
C324,"['A', 'B', 'D', 'F', 'H', 'I', 'J', 'K']",3H,3J,3B,3D,3A,3F,3I,3K
C325,"['A', 'B', 'D', 'F', 'G', 'J', 'K', 'L']",3F,3J,3B,3D,3A,3G,3L,3K
C326,"['A', 'B', 'D', 'F', 'G', 'I', 'K', 'L']",3I,3G,3B,3D,3A,3F,3L,3K
C327,"['A', 'B', 'D', 'F', 'G', 'I', 'J', 'L']",3F,3J,3B,3D,3A,3G,3L,3I
C328,"['A', 'B', 'D', 'F', 'G', 'I', 'J', 'K']",3F,3J,3B,3D,3A,3G,3I,3K
C329,"['A', 'B', 'D', 'F', 'G', 'H', 'K', 'L']",3H,3G,3B,3D,3A,3F,3L,3K
C330,"['A', 'B', 'D', 'F', 'G', 'H', 'J', 'L']",3H,3G,3B,3D,3A,3F,3L,3J
C331,"['A', 'B', 'D', 'F', 'G', 'H', 'J', 'K']",3H,3G,3B,3D,3A,3F,3J,3K
C332,"['A', 'B', 'D', 'F', 'G', 'H', 'I', 'L']",3H,3G,3B,3D,3A,3F,3L,3I
C333,"['A', 'B', 'D', 'F', 'G', 'H', 'I', 'K']",3H,3G,3B,3D,3A,3F,3I,3K
C334,"['A', 'B', 'D', 'F', 'G', 'H', 'I', 'J']",3H,3G,3B,3D,3A,3F,3I,3J
C335,"['A', 'B', 'D', 'E', 'I', 'J', 'K', 'L']",3E,3J,3B,3A,3I,3D,3L,3K
C336,"['A', 'B', 'D', 'E', 'H', 'J', 'K', 'L']",3E,3J,3B,3D,3A,3H,3L,3K
C337,"['A', 'B', 'D', 'E', 'H', 'I', 'K', 'L']",3E,3I,3B,3D,3A,3H,3L,3K
C338,"['A', 'B', 'D', 'E', 'H', 'I', 'J', 'L']",3E,3J,3B,3D,3A,3H,3L,3I
C339,"['A', 'B', 'D', 'E', 'H', 'I', 'J', 'K']",3E,3J,3B,3D,3A,3H,3I,3K
C340,"['A', 'B', 'D', 'E', 'G', 'J', 'K', 'L']",3E,3J,3B,3D,3A,3G,3L,3K
C341,"['A', 'B', 'D', 'E', 'G', 'I', 'K', 'L']",3E,3G,3B,3A,3I,3D,3L,3K
C342,"['A', 'B', 'D', 'E', 'G', 'I', 'J', 'L']",3E,3J,3B,3D,3A,3G,3L,3I
C343,"['A', 'B', 'D', 'E', 'G', 'I', 'J', 'K']",3E,3J,3B,3D,3A,3G,3I,3K
C344,"['A', 'B', 'D', 'E', 'G', 'H', 'K', 'L']",3E,3G,3B,3D,3A,3H,3L,3K
C345,"['A', 'B', 'D', 'E', 'G', 'H', 'J', 'L']",3H,3J,3B,3D,3A,3G,3L,3E
C346,"['A', 'B', 'D', 'E', 'G', 'H', 'J', 'K']",3H,3J,3B,3D,3A,3G,3E,3K
C347,"['A', 'B', 'D', 'E', 'G', 'H', 'I', 'L']",3E,3G,3B,3D,3A,3H,3L,3I
C348,"['A', 'B', 'D', 'E', 'G', 'H', 'I', 'K']",3E,3G,3B,3D,3A,3H,3I,3K
C349,"['A', 'B', 'D', 'E', 'G', 'H', 'I', 'J']",3H,3J,3B,3D,3A,3G,3E,3I
C350,"['A', 'B', 'D', 'E', 'F', 'J', 'K', 'L']",3E,3J,3B,3D,3A,3F,3L,3K
C351,"['A', 'B', 'D', 'E', 'F', 'I', 'K', 'L']",3E,3I,3B,3D,3A,3F,3L,3K
C352,"['A', 'B', 'D', 'E', 'F', 'I', 'J', 'L']",3E,3J,3B,3D,3A,3F,3L,3I
C353,"['A', 'B', 'D', 'E', 'F', 'I', 'J', 'K']",3E,3J,3B,3D,3A,3F,3I,3K
C354,"['A', 'B', 'D', 'E', 'F', 'H', 'K', 'L']",3H,3E,3B,3D,3A,3F,3L,3K
C355,"['A', 'B', 'D', 'E', 'F', 'H', 'J', 'L']",3H,3J,3B,3D,3A,3F,3L,3E
C356,"['A', 'B', 'D', 'E', 'F', 'H', 'J', 'K']",3H,3J,3B,3D,3A,3F,3E,3K
C357,"['A', 'B', 'D', 'E', 'F', 'H', 'I', 'L']",3H,3E,3B,3D,3A,3F,3L,3I
C358,"['A', 'B', 'D', 'E', 'F', 'H', 'I', 'K']",3H,3E,3B,3D,3A,3F,3I,3K
C359,"['A', 'B', 'D', 'E', 'F', 'H', 'I', 'J']",3H,3J,3B,3D,3A,3F,3E,3I
C360,"['A', 'B', 'D', 'E', 'F', 'G', 'K', 'L']",3E,3G,3B,3D,3A,3F,3L,3K
C361,"['A', 'B', 'D', 'E', 'F', 'G', 'J', 'L']",3E,3G,3B,3D,3A,3F,3L,3J
C362,"['A', 'B', 'D', 'E', 'F', 'G', 'J', 'K']",3E,3G,3B,3D,3A,3F,3J,3K
C363,"['A', 'B', 'D', 'E', 'F', 'G', 'I', 'L']",3E,3G,3B,3D,3A,3F,3L,3I
C364,"['A', 'B', 'D', 'E', 'F', 'G', 'I', 'K']",3E,3G,3B,3D,3A,3F,3I,3K
C365,"['A', 'B', 'D', 'E', 'F', 'G', 'I', 'J']",3E,3G,3B,3D,3A,3F,3I,3J
C366,"['A', 'B', 'D', 'E', 'F', 'G', 'H', 'L']",3H,3G,3B,3D,3A,3F,3L,3E
C367,"['A', 'B', 'D', 'E', 'F', 'G', 'H', 'K']",3H,3G,3B,3D,3A,3F,3E,3K
C368,"['A', 'B', 'D', 'E', 'F', 'G', 'H', 'J']",3H,3G,3B,3D,3A,3F,3E,3J
C369,"['A', 'B', 'D', 'E', 'F', 'G', 'H', 'I']",3H,3G,3B,3D,3A,3F,3E,3I
C370,"['A', 'B', 'C', 'H', 'I', 'J', 'K', 'L']",3I,3J,3B,3C,3A,3H,3L,3K
C371,"['A', 'B', 'C', 'G', 'I', 'J', 'K', 'L']",3I,3J,3B,3C,3A,3G,3L,3K
C372,"['A', 'B', 'C', 'G', 'H', 'J', 'K', 'L']",3H,3J,3B,3C,3A,3G,3L,3K
C373,"['A', 'B', 'C', 'G', 'H', 'I', 'K', 'L']",3I,3G,3B,3C,3A,3H,3L,3K
C374,"['A', 'B', 'C', 'G', 'H', 'I', 'J', 'L']",3H,3J,3B,3C,3A,3G,3L,3I
C375,"['A', 'B', 'C', 'G', 'H', 'I', 'J', 'K']",3H,3J,3B,3C,3A,3G,3I,3K
C376,"['A', 'B', 'C', 'F', 'I', 'J', 'K', 'L']",3I,3J,3B,3C,3A,3F,3L,3K
C377,"['A', 'B', 'C', 'F', 'H', 'J', 'K', 'L']",3H,3J,3B,3C,3A,3F,3L,3K
C378,"['A', 'B', 'C', 'F', 'H', 'I', 'K', 'L']",3H,3I,3B,3C,3A,3F,3L,3K
C379,"['A', 'B', 'C', 'F', 'H', 'I', 'J', 'L']",3H,3J,3B,3C,3A,3F,3L,3I
C380,"['A', 'B', 'C', 'F', 'H', 'I', 'J', 'K']",3H,3J,3B,3C,3A,3F,3I,3K
C381,"['A', 'B', 'C', 'F', 'G', 'J', 'K', 'L']",3C,3J,3B,3F,3A,3G,3L,3K
C382,"['A', 'B', 'C', 'F', 'G', 'I', 'K', 'L']",3I,3G,3B,3C,3A,3F,3L,3K
C383,"['A', 'B', 'C', 'F', 'G', 'I', 'J', 'L']",3C,3J,3B,3F,3A,3G,3L,3I
C384,"['A', 'B', 'C', 'F', 'G', 'I', 'J', 'K']",3C,3J,3B,3F,3A,3G,3I,3K
C385,"['A', 'B', 'C', 'F', 'G', 'H', 'K', 'L']",3H,3G,3B,3C,3A,3F,3L,3K
C386,"['A', 'B', 'C', 'F', 'G', 'H', 'J', 'L']",3H,3G,3B,3C,3A,3F,3L,3J
C387,"['A', 'B', 'C', 'F', 'G', 'H', 'J', 'K']",3H,3G,3B,3C,3A,3F,3J,3K
C388,"['A', 'B', 'C', 'F', 'G', 'H', 'I', 'L']",3H,3G,3B,3C,3A,3F,3L,3I
C389,"['A', 'B', 'C', 'F', 'G', 'H', 'I', 'K']",3H,3G,3B,3C,3A,3F,3I,3K
C390,"['A', 'B', 'C', 'F', 'G', 'H', 'I', 'J']",3H,3G,3B,3C,3A,3F,3I,3J
C391,"['A', 'B', 'C', 'E', 'I', 'J', 'K', 'L']",3E,3J,3B,3A,3I,3C,3L,3K
C392,"['A', 'B', 'C', 'E', 'H', 'J', 'K', 'L']",3E,3J,3B,3C,3A,3H,3L,3K
C393,"['A', 'B', 'C', 'E', 'H', 'I', 'K', 'L']",3E,3I,3B,3C,3A,3H,3L,3K
C394,"['A', 'B', 'C', 'E', 'H', 'I', 'J', 'L']",3E,3J,3B,3C,3A,3H,3L,3I
C395,"['A', 'B', 'C', 'E', 'H', 'I', 'J', 'K']",3E,3J,3B,3C,3A,3H,3I,3K
C396,"['A', 'B', 'C', 'E', 'G', 'J', 'K', 'L']",3E,3J,3B,3C,3A,3G,3L,3K
C397,"['A', 'B', 'C', 'E', 'G', 'I', 'K', 'L']",3E,3G,3B,3A,3I,3C,3L,3K
C398,"['A', 'B', 'C', 'E', 'G', 'I', 'J', 'L']",3E,3J,3B,3C,3A,3G,3L,3I
C399,"['A', 'B', 'C', 'E', 'G', 'I', 'J', 'K']",3E,3J,3B,3C,3A,3G,3I,3K
C400,"['A', 'B', 'C', 'E', 'G', 'H', 'K', 'L']",3E,3G,3B,3C,3A,3H,3L,3K
C401,"['A', 'B', 'C', 'E', 'G', 'H', 'J', 'L']",3H,3J,3B,3C,3A,3G,3L,3E
C402,"['A', 'B', 'C', 'E', 'G', 'H', 'J', 'K']",3H,3J,3B,3C,3A,3G,3E,3K
C403,"['A', 'B', 'C', 'E', 'G', 'H', 'I', 'L']",3E,3G,3B,3C,3A,3H,3L,3I
C404,"['A', 'B', 'C', 'E', 'G', 'H', 'I', 'K']",3E,3G,3B,3C,3A,3H,3I,3K
C405,"['A', 'B', 'C', 'E', 'G', 'H', 'I', 'J']",3H,3J,3B,3C,3A,3G,3E,3I
C406,"['A', 'B', 'C', 'E', 'F', 'J', 'K', 'L']",3E,3J,3B,3C,3A,3F,3L,3K
C407,"['A', 'B', 'C', 'E', 'F', 'I', 'K', 'L']",3E,3I,3B,3C,3A,3F,3L,3K
C408,"['A', 'B', 'C', 'E', 'F', 'I', 'J', 'L']",3E,3J,3B,3C,3A,3F,3L,3I
C409,"['A', 'B', 'C', 'E', 'F', 'I', 'J', 'K']",3E,3J,3B,3C,3A,3F,3I,3K
C410,"['A', 'B', 'C', 'E', 'F', 'H', 'K', 'L']",3H,3E,3B,3C,3A,3F,3L,3K
C411,"['A', 'B', 'C', 'E', 'F', 'H', 'J', 'L']",3H,3J,3B,3C,3A,3F,3L,3E
C412,"['A', 'B', 'C', 'E', 'F', 'H', 'J', 'K']",3H,3J,3B,3C,3A,3F,3E,3K
C413,"['A', 'B', 'C', 'E', 'F', 'H', 'I', 'L']",3H,3E,3B,3C,3A,3F,3L,3I
C414,"['A', 'B', 'C', 'E', 'F', 'H', 'I', 'K']",3H,3E,3B,3C,3A,3F,3I,3K
C415,"['A', 'B', 'C', 'E', 'F', 'H', 'I', 'J']",3H,3J,3B,3C,3A,3F,3E,3I
C416,"['A', 'B', 'C', 'E', 'F', 'G', 'K', 'L']",3E,3G,3B,3C,3A,3F,3L,3K
C417,"['A', 'B', 'C', 'E', 'F', 'G', 'J', 'L']",3E,3G,3B,3C,3A,3F,3L,3J
C418,"['A', 'B', 'C', 'E', 'F', 'G', 'J', 'K']",3E,3G,3B,3C,3A,3F,3J,3K
C419,"['A', 'B', 'C', 'E', 'F', 'G', 'I', 'L']",3E,3G,3B,3C,3A,3F,3L,3I
C420,"['A', 'B', 'C', 'E', 'F', 'G', 'I', 'K']",3E,3G,3B,3C,3A,3F,3I,3K
C421,"['A', 'B', 'C', 'E', 'F', 'G', 'I', 'J']",3E,3G,3B,3C,3A,3F,3I,3J
C422,"['A', 'B', 'C', 'E', 'F', 'G', 'H', 'L']",3H,3G,3B,3C,3A,3F,3L,3E
C423,"['A', 'B', 'C', 'E', 'F', 'G', 'H', 'K']",3H,3G,3B,3C,3A,3F,3E,3K
C424,"['A', 'B', 'C', 'E', 'F', 'G', 'H', 'J']",3H,3G,3B,3C,3A,3F,3E,3J
C425,"['A', 'B', 'C', 'E', 'F', 'G', 'H', 'I']",3H,3G,3B,3C,3A,3F,3E,3I
C426,"['A', 'B', 'C', 'D', 'I', 'J', 'K', 'L']",3I,3J,3B,3C,3A,3D,3L,3K
C427,"['A', 'B', 'C', 'D', 'H', 'J', 'K', 'L']",3H,3J,3B,3C,3A,3D,3L,3K
C428,"['A', 'B', 'C', 'D', 'H', 'I', 'K', 'L']",3H,3I,3B,3C,3A,3D,3L,3K
C429,"['A', 'B', 'C', 'D', 'H', 'I', 'J', 'L']",3H,3J,3B,3C,3A,3D,3L,3I
C430,"['A', 'B', 'C', 'D', 'H', 'I', 'J', 'K']",3H,3J,3B,3C,3A,3D,3I,3K
C431,"['A', 'B', 'C', 'D', 'G', 'J', 'K', 'L']",3C,3J,3B,3D,3A,3G,3L,3K
C432,"['A', 'B', 'C', 'D', 'G', 'I', 'K', 'L']",3I,3G,3B,3C,3A,3D,3L,3K
C433,"['A', 'B', 'C', 'D', 'G', 'I', 'J', 'L']",3C,3J,3B,3D,3A,3G,3L,3I
C434,"['A', 'B', 'C', 'D', 'G', 'I', 'J', 'K']",3C,3J,3B,3D,3A,3G,3I,3K
C435,"['A', 'B', 'C', 'D', 'G', 'H', 'K', 'L']",3H,3G,3B,3C,3A,3D,3L,3K
C436,"['A', 'B', 'C', 'D', 'G', 'H', 'J', 'L']",3H,3G,3B,3C,3A,3D,3L,3J
C437,"['A', 'B', 'C', 'D', 'G', 'H', 'J', 'K']",3H,3G,3B,3C,3A,3D,3J,3K
C438,"['A', 'B', 'C', 'D', 'G', 'H', 'I', 'L']",3H,3G,3B,3C,3A,3D,3L,3I
C439,"['A', 'B', 'C', 'D', 'G', 'H', 'I', 'K']",3H,3G,3B,3C,3A,3D,3I,3K
C440,"['A', 'B', 'C', 'D', 'G', 'H', 'I', 'J']",3H,3G,3B,3C,3A,3D,3I,3J
C441,"['A', 'B', 'C', 'D', 'F', 'J', 'K', 'L']",3C,3J,3B,3D,3A,3F,3L,3K
C442,"['A', 'B', 'C', 'D', 'F', 'I', 'K', 'L']",3C,3I,3B,3D,3A,3F,3L,3K
C443,"['A', 'B', 'C', 'D', 'F', 'I', 'J', 'L']",3C,3J,3B,3D,3A,3F,3L,3I
C444,"['A', 'B', 'C', 'D', 'F', 'I', 'J', 'K']",3C,3J,3B,3D,3A,3F,3I,3K
C445,"['A', 'B', 'C', 'D', 'F', 'H', 'K', 'L']",3H,3F,3B,3C,3A,3D,3L,3K
C446,"['A', 'B', 'C', 'D', 'F', 'H', 'J', 'L']",3C,3J,3B,3D,3A,3F,3L,3H
C447,"['A', 'B', 'C', 'D', 'F', 'H', 'J', 'K']",3H,3J,3B,3C,3A,3F,3D,3K
C448,"['A', 'B', 'C', 'D', 'F', 'H', 'I', 'L']",3H,3F,3B,3C,3A,3D,3L,3I
C449,"['A', 'B', 'C', 'D', 'F', 'H', 'I', 'K']",3H,3F,3B,3C,3A,3D,3I,3K
C450,"['A', 'B', 'C', 'D', 'F', 'H', 'I', 'J']",3H,3J,3B,3C,3A,3F,3D,3I
C451,"['A', 'B', 'C', 'D', 'F', 'G', 'K', 'L']",3C,3G,3B,3D,3A,3F,3L,3K
C452,"['A', 'B', 'C', 'D', 'F', 'G', 'J', 'L']",3C,3G,3B,3D,3A,3F,3L,3J
C453,"['A', 'B', 'C', 'D', 'F', 'G', 'J', 'K']",3C,3G,3B,3D,3A,3F,3J,3K
C454,"['A', 'B', 'C', 'D', 'F', 'G', 'I', 'L']",3C,3G,3B,3D,3A,3F,3L,3I
C455,"['A', 'B', 'C', 'D', 'F', 'G', 'I', 'K']",3C,3G,3B,3D,3A,3F,3I,3K
C456,"['A', 'B', 'C', 'D', 'F', 'G', 'I', 'J']",3C,3G,3B,3D,3A,3F,3I,3J
C457,"['A', 'B', 'C', 'D', 'F', 'G', 'H', 'L']",3C,3G,3B,3D,3A,3F,3L,3H
C458,"['A', 'B', 'C', 'D', 'F', 'G', 'H', 'K']",3H,3G,3B,3C,3A,3F,3D,3K
C459,"['A', 'B', 'C', 'D', 'F', 'G', 'H', 'J']",3H,3G,3B,3C,3A,3F,3D,3J
C460,"['A', 'B', 'C', 'D', 'F', 'G', 'H', 'I']",3H,3G,3B,3C,3A,3F,3D,3I
C461,"['A', 'B', 'C', 'D', 'E', 'J', 'K', 'L']",3E,3J,3B,3C,3A,3D,3L,3K
C462,"['A', 'B', 'C', 'D', 'E', 'I', 'K', 'L']",3E,3I,3B,3C,3A,3D,3L,3K
C463,"['A', 'B', 'C', 'D', 'E', 'I', 'J', 'L']",3E,3J,3B,3C,3A,3D,3L,3I
C464,"['A', 'B', 'C', 'D', 'E', 'I', 'J', 'K']",3E,3J,3B,3C,3A,3D,3I,3K
C465,"['A', 'B', 'C', 'D', 'E', 'H', 'K', 'L']",3H,3E,3B,3C,3A,3D,3L,3K
C466,"['A', 'B', 'C', 'D', 'E', 'H', 'J', 'L']",3H,3J,3B,3C,3A,3D,3L,3E
C467,"['A', 'B', 'C', 'D', 'E', 'H', 'J', 'K']",3H,3J,3B,3C,3A,3D,3E,3K
C468,"['A', 'B', 'C', 'D', 'E', 'H', 'I', 'L']",3H,3E,3B,3C,3A,3D,3L,3I
C469,"['A', 'B', 'C', 'D', 'E', 'H', 'I', 'K']",3H,3E,3B,3C,3A,3D,3I,3K
C470,"['A', 'B', 'C', 'D', 'E', 'H', 'I', 'J']",3H,3J,3B,3C,3A,3D,3E,3I
C471,"['A', 'B', 'C', 'D', 'E', 'G', 'K', 'L']",3E,3G,3B,3C,3A,3D,3L,3K
C472,"['A', 'B', 'C', 'D', 'E', 'G', 'J', 'L']",3E,3G,3B,3C,3A,3D,3L,3J
C473,"['A', 'B', 'C', 'D', 'E', 'G', 'J', 'K']",3E,3G,3B,3C,3A,3D,3J,3K
C474,"['A', 'B', 'C', 'D', 'E', 'G', 'I', 'L']",3E,3G,3B,3C,3A,3D,3L,3I
C475,"['A', 'B', 'C', 'D', 'E', 'G', 'I', 'K']",3E,3G,3B,3C,3A,3D,3I,3K
C476,"['A', 'B', 'C', 'D', 'E', 'G', 'I', 'J']",3E,3G,3B,3C,3A,3D,3I,3J
C477,"['A', 'B', 'C', 'D', 'E', 'G', 'H', 'L']",3H,3G,3B,3C,3A,3D,3L,3E
C478,"['A', 'B', 'C', 'D', 'E', 'G', 'H', 'K']",3H,3G,3B,3C,3A,3D,3E,3K
C479,"['A', 'B', 'C', 'D', 'E', 'G', 'H', 'J']",3H,3G,3B,3C,3A,3D,3E,3J
C480,"['A', 'B', 'C', 'D', 'E', 'G', 'H', 'I']",3H,3G,3B,3C,3A,3D,3E,3I
C481,"['A', 'B', 'C', 'D', 'E', 'F', 'K', 'L']",3C,3E,3B,3D,3A,3F,3L,3K
C482,"['A', 'B', 'C', 'D', 'E', 'F', 'J', 'L']",3C,3J,3B,3D,3A,3F,3L,3E
C483,"['A', 'B', 'C', 'D', 'E', 'F', 'J', 'K']",3C,3J,3B,3D,3A,3F,3E,3K
C484,"['A', 'B', 'C', 'D', 'E', 'F', 'I', 'L']",3C,3E,3B,3D,3A,3F,3L,3I
C485,"['A', 'B', 'C', 'D', 'E', 'F', 'I', 'K']",3C,3E,3B,3D,3A,3F,3I,3K
C486,"['A', 'B', 'C', 'D', 'E', 'F', 'I', 'J']",3C,3J,3B,3D,3A,3F,3E,3I
C487,"['A', 'B', 'C', 'D', 'E', 'F', 'H', 'L']",3H,3F,3B,3C,3A,3D,3L,3E
C488,"['A', 'B', 'C', 'D', 'E', 'F', 'H', 'K']",3H,3E,3B,3C,3A,3F,3D,3K
C489,"['A', 'B', 'C', 'D', 'E', 'F', 'H', 'J']",3H,3J,3B,3C,3A,3F,3D,3E
C490,"['A', 'B', 'C', 'D', 'E', 'F', 'H', 'I']",3H,3E,3B,3C,3A,3F,3D,3I
C491,"['A', 'B', 'C', 'D', 'E', 'F', 'G', 'L']",3C,3G,3B,3D,3A,3F,3L,3E
C492,"['A', 'B', 'C', 'D', 'E', 'F', 'G', 'K']",3C,3G,3B,3D,3A,3F,3E,3K
C493,"['A', 'B', 'C', 'D', 'E', 'F', 'G', 'J']",3C,3G,3B,3D,3A,3F,3E,3J
C494,"['A', 'B', 'C', 'D', 'E', 'F', 'G', 'I']",3C,3G,3B,3D,3A,3F,3E,3I
C495,"['A', 'B', 'C', 'D', 'E', 'F', 'G', 'H']",3H,3G,3B,3C,3A,3F,3D,3E